,filename,score,num_of_evaluations
0,BpQJgPNFD0z.jpg,8,10
1,BpQNCmMAhjT.jpg,9,10
2,BpQYJNvgA3t.jpg,4,10
3,BpPUOYLHenu.jpg,6,10
4,BpQih6Xl_jO.jpg,5,10
5,BpOxhqgHXhH.jpg,0,0
6,BpQcEq-jaSU.jpg,0,0
7,BpO6VfblVhx.jpg,0,0
8,BpO6T_-h44C.jpg,0,0
9,BpOryjSg3rF.jpg,0,0
10,BpO79kBlP_5.jpg,0,0
11,BpPGodAAGuH.jpg,0,0
12,BpJv95dnC3n.jpg,0,0
13,BpPFvphgz3M.jpg,0,0
14,BpPB-gTjxJh.jpg,0,0
15,BpO1tNrFkeC.jpg,0,0
16,BpQkLPHHTuV.jpg,0,0
17,BpOvbwggMaK.jpg,0,0
18,BpQISH_AtUw.jpg,0,0
19,BpOyBhani4w.jpg,0,0
20,BpQnYP8Aow4.jpg,0,0
21,BpPFqqjF05i.jpg,0,0
22,BpOyfCGhw9U.jpg,0,0
23,BpO96xHAC_r.jpg,0,0
24,BpPGi1SgMux.jpg,0,0
25,BpO4uxGn3In.jpg,0,0
26,BpO_o1QASag.jpg,0,0
27,BpPTj0AhoXR.jpg,0,0
28,BpO5sePB8Pb.jpg,0,0
29,BpOttpwAS6L.jpg,0,0
30,BpO3ervnW9K.jpg,0,0
31,BpP4rjmh8Z6.jpg,0,0
32,BpQSlARnGa0.jpg,0,0
33,BpO-68Qn_LO.jpg,0,0
34,BpPEMFCh89L.jpg,0,0
35,BpQg5sohsxe.jpg,0,0
36,BpPOwKoA3Lr.jpg,0,0
37,Bn-l8xXA1oe.jpg,0,0
38,BpQeDwOH24B.jpg,0,0
39,BpPCiCtHTA7.jpg,0,0
40,BpO5V8NlP1A.jpg,0,1
41,BpOwlJpAUFQ.jpg,0,0
42,BpQHC2Xgy8z.jpg,0,0
43,BpQHxFQAeVC.jpg,0,0
44,BpO3UhwAo9w.jpg,0,0
45,BpQMO6dFfOy.jpg,0,0
46,BpPFcYqFPJF.jpg,1,1
47,BpPBLOyBkDQ.jpg,0,0
48,BpPCuFrlG2Y.jpg,0,0
49,BpPKl6HhZd_.jpg,0,0
50,BpQEu1GFPU5.jpg,0,0
51,BpPOLg2DmMx.jpg,1,1
52,BpPI4z2Bu4I.jpg,0,0
53,BpPGUCanWnn.jpg,0,0
54,BpQW7OXgeDq.jpg,0,0
55,BpO8PyNlXqd.jpg,1,1
56,BpPQYdzBG7d.jpg,0,0
57,BpPKkLCF5jU.jpg,0,0
58,BpQTnhUB8U9.jpg,0,0
59,BpPQJhXgKXr.jpg,0,0
60,BpO_QVIB6hZ.jpg,0,0
61,BpPTeTbHNey.jpg,0,0
62,BpOv3YlFpos.jpg,0,0
63,BpOug2zAH5m.jpg,0,0
64,BpQYeSfnE35.jpg,0,0
65,BpO0uDfnBi5.jpg,0,0
66,BpO-KZQgOq9.jpg,0,0
67,BpPAZnagNza.jpg,0,0
68,BpPWRdGgir_.jpg,0,0
69,BpQLwb3n9dn.jpg,0,0
70,BpO-2YOHIml.jpg,0,0
71,BpGUO3IF7af.jpg,0,0
72,BpOzY6PB_ed.jpg,0,0
73,BpQbH3eBRx5.jpg,0,0
74,BpP_9PTnuq_.jpg,0,0
75,BpPDSvngp4A.jpg,0,0
76,BpOvhgWApTL.jpg,0,0
77,BpOoMM-nzDO.jpg,0,0
78,BpO9o8MHfu5.jpg,1,1
79,BpPL5XSgdME.jpg,0,0
80,BpQQSXoFoxm.jpg,0,0
81,BpOmr8xAn33.jpg,0,0
82,BpOvM4-AEW2.jpg,0,0
83,BpQZBEkFGn9.jpg,0,0
84,BpQM7ahhKfc.jpg,0,0
85,BpTapGCBfC7.jpg,0,0
86,BpQVwSXh6SS.jpg,1,1
87,BpO_HN4BBWm.jpg,0,0
88,BpPAR39hagm.jpg,0,1
89,BpQGU8Ggrsr.jpg,0,0
90,BpPL3M5hNB-.jpg,0,1
91,BpOoSmWAXI5.jpg,0,0
92,BpPlQ7PAcKo.jpg,0,1
93,BpPRqNfBmoC.jpg,0,0
94,BpO63cmArlK.jpg,0,0
95,BpO9o0MBkks.jpg,0,0
96,BpO1OICF3rN.jpg,0,0
97,BpP9jyLgH3p.jpg,0,0
98,BpQb9u_lm9Z.jpg,0,0
99,BpPCk8KlSLU.jpg,0,0
100,BpQlij0A97B.jpg,0,1
101,Bn-mgscAGfH.jpg,0,0
102,BpO7LnVFZRR.jpg,0,0
103,BpQoaVVA5gg.jpg,0,0
104,BpO7xyTBryp.jpg,0,0
105,BpO4bV8lqVc.jpg,0,0
106,BpPX--lgQ1M.jpg,0,0
107,BpPF1hyAMZ2.jpg,0,0
108,BpPEoEYnu9o.jpg,0,0
109,BpO3oIQF1yF.jpg,0,0
110,BpQkzS_Fmhw.jpg,0,0
111,BpO4OusF1iB.jpg,1,1
112,BpPPUHfBjg4.jpg,0,1
113,BpQIbZOBbJX.jpg,0,0
114,BpO1lgYlchF.jpg,0,0
115,BpOxdQ1lf5g.jpg,0,0
116,BpQNv8mlkba.jpg,0,0
117,BpO_s-zg2U2.jpg,0,1
118,BpQkbG3gXxw.jpg,0,0
119,BpPEA7JFemm.jpg,0,0
120,BpPSKGtH5E7.jpg,0,0
121,BpQoI_xA8Jd.jpg,0,0
122,BpO9VTiB-ST.jpg,0,0
123,BpQWEyjlvWI.jpg,0,0
124,BlSfwPHB5a_.jpg,0,1
125,BpO8fEigvwL.jpg,0,0
126,BpPLLmJhoJP.jpg,0,0
127,BpPD3SKAWM5.jpg,0,0
128,BpO6Rq7DmPg.jpg,0,0
129,BpOw3HJA3o5.jpg,0,0
130,BpO7XIOHrNh.jpg,0,1
131,BpPP6tVnPCJ.jpg,0,0
132,BpPEgSQgiy-.jpg,0,0
133,BpPPbpTD1_O.jpg,0,0
134,BpPHXkhHzS5.jpg,0,0
135,BpO8GD4AglG.jpg,1,1
136,BpPQA1GgVEX.jpg,0,0
137,BpPAxAglyS4.jpg,0,0
138,BpPVSj9nmB1.jpg,0,0
139,BpPXEGAlkDA.jpg,0,0
140,BpPSa6wgCR5.jpg,0,0
141,BpO7s85nj_c.jpg,0,0
142,BpPypmGlIQv.jpg,0,0
143,BpO6vJKBqXS.jpg,0,0
144,BpOxj6qHnXw.jpg,0,0
145,BpQNtT3nhum.jpg,0,0
146,BpPE-_LFs4v.jpg,0,0
147,BpPDT6-A9pG.jpg,0,0
148,BpQI6d1lafJ.jpg,0,0
149,BpPLG1MlUjA.jpg,0,0
150,BpQk96OAXMc.jpg,0,1
151,BpPPidPB2rx.jpg,0,0
152,BpPUURVhuaT.jpg,0,0
153,BpPMrD6n9kB.jpg,0,0
154,BpQO_P2Hfcc.jpg,0,1
155,BpPFP_9hPAl.jpg,0,0
156,BpQEB5IAvKF.jpg,0,0
157,BpPScqoA7qp.jpg,0,0
158,BpPHEuUHrdM.jpg,0,0
159,BpPKuSMAD2e.jpg,0,0
160,BpPGPaBnR9Y.jpg,0,0
161,BpQD9EYFOGv.jpg,0,0
162,BpQFGSkAp01.jpg,0,0
163,BpQnQ8_l64p.jpg,0,0
164,BpO2js4nb5h.jpg,0,0
165,BpPHAwAAjai.jpg,0,0
166,BpPOeGZgn8i.jpg,1,2
167,BpPEISznylw.jpg,0,0
168,BpPU16hndvz.jpg,0,0
169,BpPDTydnqBF.jpg,0,0
170,BpPFLdCA-hi.jpg,0,0
171,BpQmnafg_gb.jpg,0,0
172,BpO4kBBg0et.jpg,0,0
173,BpTbrELhCmk.jpg,0,0
174,BpO3c0cl9Tw.jpg,0,0
175,BpPrrzBnHzw.jpg,0,0
176,BpPPrVZHTUP.jpg,0,0
177,BpQSmSGHVuO.jpg,0,1
178,BpOr-6RjKIu.jpg,0,0
179,BpPxpNWHJ3y.jpg,0,0
180,BpPTeOaHrxX.jpg,0,0
181,BpPHeGQAp6U.jpg,0,0
182,BpO1fHOgd-G.jpg,0,1
183,BpPEfB1FFpw.jpg,0,0
184,BpPbr_wgU3j.jpg,0,0
185,BpPMaspjwuA.jpg,0,0
186,BpPSEoYBDKX.jpg,0,0
187,BpO1jUYlrUR.jpg,0,1
188,BpQU0tDhigt.jpg,0,0
189,BJzcrQFjfsQ.jpg,0,0
190,BpOyLARhSPl.jpg,0,0
191,BoMUTAphCAL.jpg,0,0
192,BpO0W7gh2cq.jpg,0,0
193,BpPCx4uFCS-.jpg,0,0
194,BpO143NhqEb.jpg,0,0
195,BpQC3x7gld8.jpg,0,0
196,BpO6Rx1nvn1.jpg,0,0
197,BpO4IG1Ajjh.jpg,0,0
198,BpPx9WTAoTh.jpg,1,1
199,BpPqTrinP0k.jpg,0,0
200,BpPHMPcAAnJ.jpg,0,0
201,BpQe2xCAetH.jpg,0,0
202,BpPUO92hRne.jpg,0,0
203,BpQYSe-FJb6.jpg,0,0
204,BpQLG1Tg02T.jpg,0,0
205,BpPuj8aFYbQ.jpg,0,0
206,BpQLoVCgkSC.jpg,0,1
207,BpOovm3nZd4.jpg,0,0
208,BpPGnHegQ2a.jpg,0,0
209,BpPVL1-gk2g.jpg,0,0
210,BpPRVagh9lx.jpg,0,0
211,BpPgtbpAzK_.jpg,0,0
212,BpO5tFYhpeB.jpg,0,0
213,BpOy9AklqS2.jpg,0,0
214,BpQZ2drhmy2.jpg,0,0
215,BpQPLGrHmkW.jpg,0,0
216,BpPAPfSAqIP.jpg,0,0
217,BpPEzKDnxEL.jpg,0,0
218,BpPQySXhixC.jpg,0,0
219,BpP-GX5hCe7.jpg,0,0
220,BpO8vEeApJS.jpg,0,1
221,BpO73ACHeLv.jpg,0,0
222,BpPFCZgnWCA.jpg,0,1
223,BpOyJ8kH5xH.jpg,0,0
224,BpOzvIoHJ30.jpg,0,0
225,BpQSWKshc90.jpg,0,0
226,BpO5h_OAaHN.jpg,0,0
227,BpOwIxRgtMZ.jpg,0,0
228,BpO-R-lhyAJ.jpg,0,0
229,BpPRDn_HmoC.jpg,0,0
230,BpOTEKnFQm8.jpg,0,0
231,BpO5_b5hF-H.jpg,0,0
232,BpPASgDgss0.jpg,0,0
233,BpPAgeAHHx-.jpg,0,0
234,BpPSlHzh8OZ.jpg,0,0
235,BpPGphngOrz.jpg,0,0
236,BpPd-1jDQ1V.jpg,0,0
237,BpPMRSdh_ya.jpg,0,0
238,BpOyaZNjH3x.jpg,0,0
239,BpOoxj-lS63.jpg,0,0
240,BpQZCIZn8m3.jpg,0,0
241,BpPI1BhgMo1.jpg,0,0
242,BpQdrB3hXAt.jpg,0,1
243,BpPVQGEH5vZ.jpg,0,0
244,BpPI7u8g9Zc.jpg,0,0
245,BpO8mCNhQmh.jpg,0,0
246,BpO4s5zAhUa.jpg,0,0
247,BpPCFTgghxz.jpg,0,1
248,BpPFqcJhcuw.jpg,0,0
249,BpPWS4bghpI.jpg,0,0
250,BpPIOizj6Dz.jpg,0,0
251,BpPNJ_FgQVC.jpg,0,0
252,BpPRoU4gI4j.jpg,0,0
253,BpO7bCTFBC_.jpg,0,0
254,BpOxh3ohywY.jpg,1,1
255,BpPUUrgnAvf.jpg,0,0
256,BpO2u0jAMgJ.jpg,0,0
257,BpPUa0Ig_-L.jpg,0,0
258,BpPE4SaHZ9x.jpg,0,0
259,BpPKW3_FWgl.jpg,0,0
260,BpOtk1zBTya.jpg,0,1
261,BpPMFtpHVPF.jpg,0,0
262,BpPVKF0nPgv.jpg,0,0
263,BpTaY_KHZ-5.jpg,0,0
264,BpPM4SDlAi1.jpg,0,0
265,BpPGC6YhP1o.jpg,0,0
266,BpQSAYrFDZA.jpg,0,0
267,BpOpVG5nxG4.jpg,0,0
268,BpQKt72AOFe.jpg,0,0
269,BpPPuXWAdUh.jpg,0,0
270,BpQIjXEHW9w.jpg,0,0
271,BpO6Dc9AHOF.jpg,0,0
272,BpQKX-OhVbR.jpg,0,0
273,BpO-AYqFD-9.jpg,0,0
274,BpO6wAen7mE.jpg,0,0
275,BpOn8RYHzfp.jpg,0,0
276,BpOqwwxgxFM.jpg,0,0
277,BpPP0bvgq4a.jpg,0,0
278,BpQaAB9j6PG.jpg,0,0
279,BpQkD6NnWHU.jpg,0,0
280,BpQlCqMASox.jpg,0,0
281,BpO3oyWgw7p.jpg,0,0
282,BpQYvVeFqhK.jpg,0,0
283,BpOwGnmHwTN.jpg,0,0
284,BpQNIpAnGt-.jpg,0,0
285,BpQijkYneJU.jpg,0,0
286,BpOxNXRlJjX.jpg,0,0
287,BpQfKiIn4bF.jpg,0,0
288,BpFFLS-hIPb.jpg,0,0
289,BoqI5d9h1pi.jpg,0,0
290,BpPEBVaAqy-.jpg,0,0
291,BpOyVN7An7R.jpg,0,0
292,BpPTpcHnus0.jpg,0,0
293,BpOqbdDnDqx.jpg,0,0
294,BpQQFwrhwwq.jpg,0,0
295,BpQEvNxF7Pj.jpg,0,0
296,BpPGCiMg6B9.jpg,0,0
297,BpOspuFhSdM.jpg,0,1
298,BpPShtKBT1I.jpg,0,0
299,BpO9SnXHqsc.jpg,0,0
300,BpPFb8dHkIw.jpg,0,0
301,BpOq03zBrc3.jpg,0,0
302,BpPGipmFMpW.jpg,0,0
303,BpPiETQHwSZ.jpg,0,1
304,BpQMzh5lKPm.jpg,0,0
305,BpQDa8VA9pX.jpg,0,0
306,BpOyYMQgs8K.jpg,0,0
307,BpO3rsDBaXA.jpg,0,0
308,BpQdiLTHD7g.jpg,0,0
309,BpPDJm_hXPU.jpg,0,0
310,BpPEMeVH6zW.jpg,0,0
311,BpPaFSGBkEl.jpg,0,0
312,BpTbFQUlaw7.jpg,0,0
313,BpQoEv2gkaa.jpg,0,0
314,BpQbeRYjA9M.jpg,0,0
315,BpPB5WSBYGa.jpg,0,1
316,BpPO1V8geTO.jpg,0,0
317,BpOvY0BBJP7.jpg,0,0
318,BpOGZajnu78.jpg,0,0
319,BpOvab1A_TY.jpg,0,0
320,BpPHnGLAabZ.jpg,0,0
321,BpEyhasA9sF.jpg,0,0
322,BpOzZh7Db8d.jpg,0,0
323,BpPZiYUBC1h.jpg,0,0
324,BpPWPvfhNJu.jpg,0,0
325,BpOxTruAejN.jpg,0,0
326,BpOz1axAOnf.jpg,0,0
327,BpPZkxjhcTP.jpg,0,0
328,BpPGZA3n_T5.jpg,0,0
329,BpQIqZjFtSv.jpg,0,0
330,BpPg8V9H100.jpg,0,0
331,BpPYRhYn7Y3.jpg,0,0
332,BpPNcEmA8DH.jpg,0,0
333,BpPPi-kgBnx.jpg,0,0
334,BpOsMEHBSgN.jpg,0,0
335,BpQLhrYFJf7.jpg,0,0
336,BpO2ERDHUwT.jpg,0,0
337,BpO9x4XAQfP.jpg,0,0
338,BpPLFuaBfCO.jpg,0,0
339,BpOtXFkgl8g.jpg,0,0
340,BpQHPYkHP9n.jpg,0,0
341,BpO3-s6BiSe.jpg,0,0
342,BpO_rtHgp_9.jpg,0,0
343,BpPGjFqg8hA.jpg,0,0
344,BpPJaDsAd3X.jpg,0,0
345,BpQoKHBhyBD.jpg,0,0
346,BpO6G0igxFH.jpg,0,0
347,BpOqiO3FzZv.jpg,0,0
348,BpPJNf0hFOY.jpg,0,0
349,BpPHgYxFhc2.jpg,0,0
350,BpO1xDxA4A-.jpg,0,0
351,BpPJt36AI_K.jpg,0,0
352,BpO5lZYgO2h.jpg,0,0
353,BpPGUOZnrwl.jpg,0,0
354,BpQUmGoAzTj.jpg,0,0
355,BpQjORil4Cm.jpg,0,0
356,BpPNOI0HK2A.jpg,0,0
357,BpPTk4xDi4W.jpg,0,1
358,BpQCE37BpC_.jpg,0,0
359,BpPYfmhF2Hx.jpg,0,0
360,BpP7L0hHN8i.jpg,0,1
361,BpO0_FcASpA.jpg,0,0
362,BpOwa7uDV99.jpg,0,0
363,BpOvZddBfVJ.jpg,0,0
364,BpQIe3BHAih.jpg,0,0
365,BpPO0QlgpXy.jpg,0,0
366,BpPDMY3AYJj.jpg,0,0
367,BpQGSgng-96.jpg,0,0
368,BpOsJNUnD6b.jpg,0,0
369,BpPmbnvFVIK.jpg,0,0
370,BpPOmwGFyPR.jpg,1,1
371,BpPAA8dn2KF.jpg,0,0
372,BpPbGTJnKR6.jpg,0,0
373,BpPRv7MHiIi.jpg,0,0
374,BpO16eLHEL9.jpg,0,0
375,BpO4mYGAY7h.jpg,0,0
376,BpPM9Q1hKzK.jpg,0,0
377,BpQTKNOhcrr.jpg,0,0
378,BpTbHY7h-Zw.jpg,0,0
379,BpOnM9jBR3B.jpg,0,0
380,BpPEQigF1yn.jpg,0,0
381,BpP9dDjFHmt.jpg,0,0
382,BpO4F-GAjYR.jpg,1,1
383,BpPD32LAopN.jpg,0,0
384,BpO-mi9hw4Q.jpg,0,0
385,BpO5M9ZATA8.jpg,0,0
386,BpO-aWxFgCf.jpg,0,0
387,BpPJu8MAtM1.jpg,0,0
388,BpPSVfJg74-.jpg,0,0
389,BpQKPQUFa2e.jpg,0,0
390,BpPCJEBDCcc.jpg,0,0
391,BpO4Tozg7hs.jpg,0,0
392,BpO-36fh5z1.jpg,0,0
393,BpQNl60h_Zx.jpg,0,0
394,Bo1lDTCBL9j.jpg,0,0
395,BpPF-KQFkDV.jpg,0,1
396,BpPGwVrlBUv.jpg,0,0
397,BpO4D2bgefj.jpg,0,0
398,BpP9JmUAJbU.jpg,0,0
399,BpPGlEeAKZb.jpg,0,0
400,BpPJWXVn8GG.jpg,0,0
401,BpPCKzQAnjP.jpg,0,0
402,BpQM459AfU5.jpg,0,0
403,BpTbu6fA8Vp.jpg,0,0
404,BpQHeO1lCUQ.jpg,0,0
405,BpPBhAwDzAS.jpg,1,1
406,BpOzGFcAlpo.jpg,0,0
407,BpPDnKEAbNB.jpg,0,1
408,BpO11j0glRl.jpg,0,0
409,BpO5BxYH65f.jpg,0,0
410,BpOxVVvlSK_.jpg,0,0
411,BpEQqVMgzRJ.jpg,0,0
412,BpO75R_nYuu.jpg,1,1
413,BpQCeggh0rv.jpg,0,0
414,BpPG5aFAB7w.jpg,0,0
415,BpPYBBwAkOf.jpg,0,0
416,BpPKY5UFsuL.jpg,0,0
417,BpPFbNynwhi.jpg,0,0
418,BpQk-2pDqYT.jpg,0,0
419,BpPHA-EhS2p.jpg,0,0
420,BpQAH8Pn3g3.jpg,0,0
421,BpPiHFQASDx.jpg,1,1
422,BpO-0nKBR3g.jpg,0,0
423,BpQNb47l8o2.jpg,0,0
424,BpPkGceHwkl.jpg,0,0
425,BpQHcXXg3xD.jpg,0,0
426,BpPQX6ml6rp.jpg,0,0
427,BmNTJPdHFLI.jpg,0,0
428,BpPKXnJBZcr.jpg,0,0
429,BpQYJ0XAXKN.jpg,0,0
430,BpP2xxsn_eU.jpg,0,0
431,BpO2LJenwNX.jpg,0,0
432,BpPV-qagPyx.jpg,0,1
433,BpPFExCg4QU.jpg,0,0
434,BpPFrHMAD3f.jpg,0,0
435,BpQFGgmns22.jpg,0,0
436,BpQcXi-HTXL.jpg,0,0
437,BpQSUk0jtKY.jpg,0,0
438,BpOyODyHcx5.jpg,0,0
439,BpPJs6UngH-.jpg,0,1
440,BpPF6SnA9me.jpg,0,0
441,BlsoWzlFesk.jpg,0,0
442,BpOz0mulssy.jpg,1,1
443,BpQNGajlMAR.jpg,0,0
444,BpOoH2Ghr2j.jpg,0,0
445,BpO8JueB_d2.jpg,0,0
446,BpQNnHyBcsS.jpg,0,0
447,BpPNdjeHybi.jpg,0,0
448,BpPTV5aHkF9.jpg,0,0
449,BpPGapJhbu3.jpg,0,0
450,BpPPML9hlVg.jpg,0,0
451,BpO2b2Hl9Da.jpg,0,0
452,BpOwGHdgEBF.jpg,0,0
453,BpPugVKHCdS.jpg,0,0
454,BpO141_FQh6.jpg,0,0
455,BpPWAaDnJt4.jpg,0,0
456,BpPNEHulMwT.jpg,0,0
457,BpPRUp-gJJZ.jpg,0,0
458,BpO_j04BM5b.jpg,0,0
459,BpOTQn0gFtb.jpg,0,0
460,BpPTbP-lNH_.jpg,0,1
461,BpOvXLJHjqn.jpg,0,0
462,BpPB1StgCdZ.jpg,0,0
463,BpPC3cNAbXQ.jpg,0,0
464,BpO6JwKgs3l.jpg,0,0
465,BpO0YXWgDsn.jpg,0,0
466,BpO4xVWnxnZ.jpg,0,0
467,BpPYqw2lUt0.jpg,0,0
468,BpO6PkcBuSJ.jpg,0,1
469,BpO19lyAv6o.jpg,0,0
470,BpPDhMUAvai.jpg,0,0
471,BpO-KrVHw0w.jpg,0,0
472,BpPOm4hA5BE.jpg,0,0
473,BpQOyEhgq2d.jpg,0,0
474,BpQHK7VAdA7.jpg,0,0
475,BpOvbhwhL9Y.jpg,0,0
476,BpO-yLhlUab.jpg,0,0
477,BpO8HfzH-b5.jpg,0,0
478,BpO7ImEg3Jc.jpg,0,0
479,BpPV2rRlybf.jpg,0,0
480,BpPR3XwFvLp.jpg,0,0
481,BpO_yzSAtO-.jpg,0,0
482,BpPHy02BQ9E.jpg,0,0
483,BpPAZRqAN-n.jpg,0,0
484,BpOq1YEnt1M.jpg,0,0
485,BpPM1emFiYW.jpg,0,0
486,BpQHuOdjGsd.jpg,0,0
487,BpPBATyHBHX.jpg,0,0
488,BpQUteYFa9u.jpg,0,0
489,BpPEX1aA9rh.jpg,0,0
490,BpPF99AA0PG.jpg,0,0
491,BpPLfR2A22n.jpg,0,0
492,BpPHE2BAm-j.jpg,0,0
493,BpPVvRiBExu.jpg,0,0
494,BpOruLWni7h.jpg,0,0
495,BpQJ2LWAjhV.jpg,1,1
496,BpPCu71FBcW.jpg,0,0
497,BpPARlogd8J.jpg,0,0
498,BpO0Mtqjy34.jpg,0,0
499,BpOuuVFgZET.jpg,1,1
